;Country;Sector;Value_BA;Value_GVA;Value_norm_BA
0;AT, BE, CZ, DE, DK, EE, ES, FI, FR, HU, IT, LT, LU, LV, NL, RO, SE, SI, SK and UK – Growth Accounts available from 2009;1.6.1;79909,85;237439,19;0,34
1;AT, BE, CZ, DE, DK, ES, FI, FR, IT, NL, SE and UK – Growth Accounts available from 2000;1.6.1;76299,46;214758,12;0,36
2;Austria;1.6.1;1437,58;5162,54;0,28
3;Belgium;1.6.1;151,75;3073,67;0,05
4;Bulgaria;1.6.1;887,01;4367,64;0,20
5;Cyprus;1.6.1;43,93;432,47;0,10
6;Czechia;1.6.1;18282,36;123723,88;0,15
7;Denmark;1.6.1;9986,15;27604,81;0,36
8;EU12 without UK;1.6.1;64921,20;198492,98;0,33
9;EU20 without UK;1.6.1;68531,59;221174,05;0,31
10;Estonia;1.6.1;218,48;582,56;0,38
11;Euro area - 19 countries  (from 2015);1.6.1;77782,08;204944,38;0,38
12;European Union - 15 countries (1995-2004);1.6.1;88574,75;226228,23;0,39
13;European Union - 27 countries (from 2020);1.6.1;86451,01;256253,54;0,34
14;European Union - 28 countries (2013-2020);1.6.1;97829,27;272518,68;0,36
15;Finland;1.6.1;101,56;6580,28;0,02
16;France;1.6.1;27265,88;46031,24;0,59
17;Germany (until 1990 former territory of the FRG);1.6.1;11446,99;26345,91;0,43
18;Greece;1.6.1;686,13;7765,96;0,09
19;Hungary;1.6.1;423962,67;1767564,14;0,24
20;Ireland;1.6.1;2840,90;3432,44;0,83
21;Italy;1.6.1;6191,04;40673,96;0,15
22;Japan;1.6.1;188093,67;8345446,51;0,02
23;Latvia;1.6.1;151,63;1237,29;0,12
24;Lithuania;1.6.1;186,83;1547,88;0,12
25;Luxembourg;1.6.1;21,02;161,08;0,13
26;Malta;1.6.1;0,00;111,13;0,00
27;Netherlands;1.6.1;2704,39;15087,87;0,18
28;Poland;1.6.1;18053,25;58588,33;0,31
29;Portugal;1.6.1;9440,08;4934,74;1,91
30;Slovakia;1.6.1;1324,56;2515,43;0,53
31;Slovenia;1.6.1;596,85;1215,08;0,49
32;Spain;1.6.1;13569,33;39267,92;0,35
33;United Kingdom;1.6.1;10066,46;14389,93;0,70
34;AT, BE, CZ, DE, DK, EE, ES, FI, FR, HU, IT, LT, LU, LV, NL, RO, SE, SI, SK and UK – Growth Accounts available from 2009;1.7.2;79909,85;237439,19;0,34
35;AT, BE, CZ, DE, DK, ES, FI, FR, IT, NL, SE and UK – Growth Accounts available from 2000;1.7.2;76299,46;214758,12;0,36
36;Austria;1.7.2;1437,58;5162,54;0,28
37;Belgium;1.7.2;151,75;3073,67;0,05
38;Bulgaria;1.7.2;887,01;4367,64;0,20
39;Cyprus;1.7.2;43,93;432,47;0,10
40;Czechia;1.7.2;18282,36;123723,88;0,15
41;Denmark;1.7.2;9986,15;27604,81;0,36
42;EU12 without UK;1.7.2;64921,20;198492,98;0,33
43;EU20 without UK;1.7.2;68531,59;221174,05;0,31
44;Estonia;1.7.2;218,48;582,56;0,38
45;Euro area - 19 countries  (from 2015);1.7.2;77782,08;204944,38;0,38
46;European Union - 15 countries (1995-2004);1.7.2;88574,75;226228,23;0,39
47;European Union - 27 countries (from 2020);1.7.2;86451,01;256253,54;0,34
48;European Union - 28 countries (2013-2020);1.7.2;97829,27;272518,68;0,36
49;Finland;1.7.2;101,56;6580,28;0,02
50;France;1.7.2;27265,88;46031,24;0,59
51;Germany (until 1990 former territory of the FRG);1.7.2;11446,99;26345,91;0,43
52;Greece;1.7.2;686,13;7765,96;0,09
53;Hungary;1.7.2;423962,67;1767564,14;0,24
54;Ireland;1.7.2;2840,90;3432,44;0,83
55;Italy;1.7.2;6191,04;40673,96;0,15
56;Japan;1.7.2;188093,67;8345446,51;0,02
57;Latvia;1.7.2;151,63;1237,29;0,12
58;Lithuania;1.7.2;186,83;1547,88;0,12
59;Luxembourg;1.7.2;21,02;161,08;0,13
60;Malta;1.7.2;0,00;111,13;0,00
61;Netherlands;1.7.2;2704,39;15087,87;0,18
62;Poland;1.7.2;18053,25;58588,33;0,31
63;Portugal;1.7.2;9440,08;4934,74;1,91
64;Slovakia;1.7.2;1324,56;2515,43;0,53
65;Slovenia;1.7.2;596,85;1215,08;0,49
66;Spain;1.7.2;13569,33;39267,92;0,35
67;United Kingdom;1.7.2;10066,46;14389,93;0,70
68;AT, BE, CZ, DE, DK, EE, ES, FI, FR, HU, IT, LT, LU, LV, NL, RO, SE, SI, SK and UK – Growth Accounts available from 2009;1.10.1;79909,85;237439,19;0,34
69;AT, BE, CZ, DE, DK, ES, FI, FR, IT, NL, SE and UK – Growth Accounts available from 2000;1.10.1;76299,46;214758,12;0,36
70;Austria;1.10.1;1437,58;5162,54;0,28
71;Belgium;1.10.1;151,75;3073,67;0,05
72;Bulgaria;1.10.1;887,01;4367,64;0,20
73;Cyprus;1.10.1;43,93;432,47;0,10
74;Czechia;1.10.1;18282,36;123723,88;0,15
75;Denmark;1.10.1;9986,15;27604,81;0,36
76;EU12 without UK;1.10.1;64921,20;198492,98;0,33
77;EU20 without UK;1.10.1;68531,59;221174,05;0,31
78;Estonia;1.10.1;218,48;582,56;0,38
79;Euro area - 19 countries  (from 2015);1.10.1;77782,08;204944,38;0,38
80;European Union - 15 countries (1995-2004);1.10.1;88574,75;226228,23;0,39
81;European Union - 27 countries (from 2020);1.10.1;86451,01;256253,54;0,34
82;European Union - 28 countries (2013-2020);1.10.1;97829,27;272518,68;0,36
83;Finland;1.10.1;101,56;6580,28;0,02
84;France;1.10.1;27265,88;46031,24;0,59
85;Germany (until 1990 former territory of the FRG);1.10.1;11446,99;26345,91;0,43
86;Greece;1.10.1;686,13;7765,96;0,09
87;Hungary;1.10.1;423962,67;1767564,14;0,24
88;Ireland;1.10.1;2840,90;3432,44;0,83
89;Italy;1.10.1;6191,04;40673,96;0,15
90;Japan;1.10.1;188093,67;8345446,51;0,02
91;Latvia;1.10.1;151,63;1237,29;0,12
92;Lithuania;1.10.1;186,83;1547,88;0,12
93;Luxembourg;1.10.1;21,02;161,08;0,13
94;Malta;1.10.1;0,00;111,13;0,00
95;Netherlands;1.10.1;2704,39;15087,87;0,18
96;Poland;1.10.1;18053,25;58588,33;0,31
97;Portugal;1.10.1;9440,08;4934,74;1,91
98;Slovakia;1.10.1;1324,56;2515,43;0,53
99;Slovenia;1.10.1;596,85;1215,08;0,49
100;Spain;1.10.1;13569,33;39267,92;0,35
101;United Kingdom;1.10.1;10066,46;14389,93;0,70
102;AT, BE, CZ, DE, DK, EE, ES, FI, FR, HU, IT, LT, LU, LV, NL, RO, SE, SI, SK and UK – Growth Accounts available from 2009;1.11.2;79909,85;237439,19;0,34
103;AT, BE, CZ, DE, DK, ES, FI, FR, IT, NL, SE and UK – Growth Accounts available from 2000;1.11.2;76299,46;214758,12;0,36
104;Austria;1.11.2;1437,58;5162,54;0,28
105;Belgium;1.11.2;151,75;3073,67;0,05
106;Bulgaria;1.11.2;887,01;4367,64;0,20
107;Cyprus;1.11.2;43,93;432,47;0,10
108;Czechia;1.11.2;18282,36;123723,88;0,15
109;Denmark;1.11.2;9986,15;27604,81;0,36
110;EU12 without UK;1.11.2;64921,20;198492,98;0,33
111;EU20 without UK;1.11.2;68531,59;221174,05;0,31
112;Estonia;1.11.2;218,48;582,56;0,38
113;Euro area - 19 countries  (from 2015);1.11.2;77782,08;204944,38;0,38
114;European Union - 15 countries (1995-2004);1.11.2;88574,75;226228,23;0,39
115;European Union - 27 countries (from 2020);1.11.2;86451,01;256253,54;0,34
116;European Union - 28 countries (2013-2020);1.11.2;97829,27;272518,68;0,36
117;Finland;1.11.2;101,56;6580,28;0,02
118;France;1.11.2;27265,88;46031,24;0,59
119;Germany (until 1990 former territory of the FRG);1.11.2;11446,99;26345,91;0,43
120;Greece;1.11.2;686,13;7765,96;0,09
121;Hungary;1.11.2;423962,67;1767564,14;0,24
122;Ireland;1.11.2;2840,90;3432,44;0,83
123;Italy;1.11.2;6191,04;40673,96;0,15
124;Japan;1.11.2;188093,67;8345446,51;0,02
125;Latvia;1.11.2;151,63;1237,29;0,12
126;Lithuania;1.11.2;186,83;1547,88;0,12
127;Luxembourg;1.11.2;21,02;161,08;0,13
128;Malta;1.11.2;0,00;111,13;0,00
129;Netherlands;1.11.2;2704,39;15087,87;0,18
130;Poland;1.11.2;18053,25;58588,33;0,31
131;Portugal;1.11.2;9440,08;4934,74;1,91
132;Slovakia;1.11.2;1324,56;2515,43;0,53
133;Slovenia;1.11.2;596,85;1215,08;0,49
134;Spain;1.11.2;13569,33;39267,92;0,35
135;United Kingdom;1.11.2;10066,46;14389,93;0,70
136;AT, BE, CZ, DE, DK, EE, ES, FI, FR, HU, IT, LT, LU, LV, NL, RO, SE, SI, SK and UK – Growth Accounts available from 2009;1.2.2;79909,85;237439,19;0,34
137;AT, BE, CZ, DE, DK, ES, FI, FR, IT, NL, SE and UK – Growth Accounts available from 2000;1.2.2;76299,46;214758,12;0,36
138;Austria;1.2.2;1437,58;5162,54;0,28
139;Belgium;1.2.2;151,75;3073,67;0,05
140;Bulgaria;1.2.2;887,01;4367,64;0,20
141;Cyprus;1.2.2;43,93;432,47;0,10
142;Czechia;1.2.2;18282,36;123723,88;0,15
143;Denmark;1.2.2;9986,15;27604,81;0,36
144;EU12 without UK;1.2.2;64921,20;198492,98;0,33
145;EU20 without UK;1.2.2;68531,59;221174,05;0,31
146;Estonia;1.2.2;218,48;582,56;0,38
147;Euro area - 19 countries  (from 2015);1.2.2;77782,08;204944,38;0,38
148;European Union - 15 countries (1995-2004);1.2.2;88574,75;226228,23;0,39
149;European Union - 27 countries (from 2020);1.2.2;86451,01;256253,54;0,34
150;European Union - 28 countries (2013-2020);1.2.2;97829,27;272518,68;0,36
151;Finland;1.2.2;101,56;6580,28;0,02
152;France;1.2.2;27265,88;46031,24;0,59
153;Germany (until 1990 former territory of the FRG);1.2.2;11446,99;26345,91;0,43
154;Greece;1.2.2;686,13;7765,96;0,09
155;Hungary;1.2.2;423962,67;1767564,14;0,24
156;Ireland;1.2.2;2840,90;3432,44;0,83
157;Italy;1.2.2;6191,04;40673,96;0,15
158;Japan;1.2.2;188093,67;8345446,51;0,02
159;Latvia;1.2.2;151,63;1237,29;0,12
160;Lithuania;1.2.2;186,83;1547,88;0,12
161;Luxembourg;1.2.2;21,02;161,08;0,13
162;Malta;1.2.2;0,00;111,13;0,00
163;Netherlands;1.2.2;2704,39;15087,87;0,18
164;Poland;1.2.2;18053,25;58588,33;0,31
165;Portugal;1.2.2;9440,08;4934,74;1,91
166;Slovakia;1.2.2;1324,56;2515,43;0,53
167;Slovenia;1.2.2;596,85;1215,08;0,49
168;Spain;1.2.2;13569,33;39267,92;0,35
169;United Kingdom;1.2.2;10066,46;14389,93;0,70
170;AT, BE, CZ, DE, DK, EE, ES, FI, FR, HU, IT, LT, LU, LV, NL, RO, SE, SI, SK and UK – Growth Accounts available from 2009;1.1.1;79909,85;237439,19;0,34
171;AT, BE, CZ, DE, DK, ES, FI, FR, IT, NL, SE and UK – Growth Accounts available from 2000;1.1.1;76299,46;214758,12;0,36
172;Austria;1.1.1;1437,58;5162,54;0,28
173;Belgium;1.1.1;151,75;3073,67;0,05
174;Bulgaria;1.1.1;887,01;4367,64;0,20
175;Cyprus;1.1.1;43,93;432,47;0,10
176;Czechia;1.1.1;18282,36;123723,88;0,15
177;Denmark;1.1.1;9986,15;27604,81;0,36
178;EU12 without UK;1.1.1;64921,20;198492,98;0,33
179;EU20 without UK;1.1.1;68531,59;221174,05;0,31
180;Estonia;1.1.1;218,48;582,56;0,38
181;Euro area - 19 countries  (from 2015);1.1.1;77782,08;204944,38;0,38
182;European Union - 15 countries (1995-2004);1.1.1;88574,75;226228,23;0,39
183;European Union - 27 countries (from 2020);1.1.1;86451,01;256253,54;0,34
184;European Union - 28 countries (2013-2020);1.1.1;97829,27;272518,68;0,36
185;Finland;1.1.1;101,56;6580,28;0,02
186;France;1.1.1;27265,88;46031,24;0,59
187;Germany (until 1990 former territory of the FRG);1.1.1;11446,99;26345,91;0,43
188;Greece;1.1.1;686,13;7765,96;0,09
189;Hungary;1.1.1;423962,67;1767564,14;0,24
190;Ireland;1.1.1;2840,90;3432,44;0,83
191;Italy;1.1.1;6191,04;40673,96;0,15
192;Japan;1.1.1;188093,67;8345446,51;0,02
193;Latvia;1.1.1;151,63;1237,29;0,12
194;Lithuania;1.1.1;186,83;1547,88;0,12
195;Luxembourg;1.1.1;21,02;161,08;0,13
196;Malta;1.1.1;0,00;111,13;0,00
197;Netherlands;1.1.1;2704,39;15087,87;0,18
198;Poland;1.1.1;18053,25;58588,33;0,31
199;Portugal;1.1.1;9440,08;4934,74;1,91
200;Slovakia;1.1.1;1324,56;2515,43;0,53
201;Slovenia;1.1.1;596,85;1215,08;0,49
202;Spain;1.1.1;13569,33;39267,92;0,35
203;United Kingdom;1.1.1;10066,46;14389,93;0,70
204;AT, BE, CZ, DE, DK, EE, ES, FI, FR, HU, IT, LT, LU, LV, NL, RO, SE, SI, SK and UK – Growth Accounts available from 2009;1.10.2;79909,85;237439,19;0,34
205;AT, BE, CZ, DE, DK, ES, FI, FR, IT, NL, SE and UK – Growth Accounts available from 2000;1.10.2;76299,46;214758,12;0,36
206;Austria;1.10.2;1437,58;5162,54;0,28
207;Belgium;1.10.2;151,75;3073,67;0,05
208;Bulgaria;1.10.2;887,01;4367,64;0,20
209;Cyprus;1.10.2;43,93;432,47;0,10
210;Czechia;1.10.2;18282,36;123723,88;0,15
211;Denmark;1.10.2;9986,15;27604,81;0,36
212;EU12 without UK;1.10.2;64921,20;198492,98;0,33
213;EU20 without UK;1.10.2;68531,59;221174,05;0,31
214;Estonia;1.10.2;218,48;582,56;0,38
215;Euro area - 19 countries  (from 2015);1.10.2;77782,08;204944,38;0,38
216;European Union - 15 countries (1995-2004);1.10.2;88574,75;226228,23;0,39
217;European Union - 27 countries (from 2020);1.10.2;86451,01;256253,54;0,34
218;European Union - 28 countries (2013-2020);1.10.2;97829,27;272518,68;0,36
219;Finland;1.10.2;101,56;6580,28;0,02
220;France;1.10.2;27265,88;46031,24;0,59
221;Germany (until 1990 former territory of the FRG);1.10.2;11446,99;26345,91;0,43
222;Greece;1.10.2;686,13;7765,96;0,09
223;Hungary;1.10.2;423962,67;1767564,14;0,24
224;Ireland;1.10.2;2840,90;3432,44;0,83
225;Italy;1.10.2;6191,04;40673,96;0,15
226;Japan;1.10.2;188093,67;8345446,51;0,02
227;Latvia;1.10.2;151,63;1237,29;0,12
228;Lithuania;1.10.2;186,83;1547,88;0,12
229;Luxembourg;1.10.2;21,02;161,08;0,13
230;Malta;1.10.2;0,00;111,13;0,00
231;Netherlands;1.10.2;2704,39;15087,87;0,18
232;Poland;1.10.2;18053,25;58588,33;0,31
233;Portugal;1.10.2;9440,08;4934,74;1,91
234;Slovakia;1.10.2;1324,56;2515,43;0,53
235;Slovenia;1.10.2;596,85;1215,08;0,49
236;Spain;1.10.2;13569,33;39267,92;0,35
237;United Kingdom;1.10.2;10066,46;14389,93;0,70
238;AT, BE, CZ, DE, DK, EE, ES, FI, FR, HU, IT, LT, LU, LV, NL, RO, SE, SI, SK and UK – Growth Accounts available from 2009;1.8.1;79909,85;237439,19;0,34
239;AT, BE, CZ, DE, DK, ES, FI, FR, IT, NL, SE and UK – Growth Accounts available from 2000;1.8.1;76299,46;214758,12;0,36
240;Austria;1.8.1;1437,58;5162,54;0,28
241;Belgium;1.8.1;151,75;3073,67;0,05
242;Bulgaria;1.8.1;887,01;4367,64;0,20
243;Cyprus;1.8.1;43,93;432,47;0,10
244;Czechia;1.8.1;18282,36;123723,88;0,15
245;Denmark;1.8.1;9986,15;27604,81;0,36
246;EU12 without UK;1.8.1;64921,20;198492,98;0,33
247;EU20 without UK;1.8.1;68531,59;221174,05;0,31
248;Estonia;1.8.1;218,48;582,56;0,38
249;Euro area - 19 countries  (from 2015);1.8.1;77782,08;204944,38;0,38
250;European Union - 15 countries (1995-2004);1.8.1;88574,75;226228,23;0,39
251;European Union - 27 countries (from 2020);1.8.1;86451,01;256253,54;0,34
252;European Union - 28 countries (2013-2020);1.8.1;97829,27;272518,68;0,36
253;Finland;1.8.1;101,56;6580,28;0,02
254;France;1.8.1;27265,88;46031,24;0,59
255;Germany (until 1990 former territory of the FRG);1.8.1;11446,99;26345,91;0,43
256;Greece;1.8.1;686,13;7765,96;0,09
257;Hungary;1.8.1;423962,67;1767564,14;0,24
258;Ireland;1.8.1;2840,90;3432,44;0,83
259;Italy;1.8.1;6191,04;40673,96;0,15
260;Japan;1.8.1;188093,67;8345446,51;0,02
261;Latvia;1.8.1;151,63;1237,29;0,12
262;Lithuania;1.8.1;186,83;1547,88;0,12
263;Luxembourg;1.8.1;21,02;161,08;0,13
264;Malta;1.8.1;0,00;111,13;0,00
265;Netherlands;1.8.1;2704,39;15087,87;0,18
266;Poland;1.8.1;18053,25;58588,33;0,31
267;Portugal;1.8.1;9440,08;4934,74;1,91
268;Slovakia;1.8.1;1324,56;2515,43;0,53
269;Slovenia;1.8.1;596,85;1215,08;0,49
270;Spain;1.8.1;13569,33;39267,92;0,35
271;United Kingdom;1.8.1;10066,46;14389,93;0,70
272;AT, BE, CZ, DE, DK, EE, ES, FI, FR, HU, IT, LT, LU, LV, NL, RO, SE, SI, SK and UK – Growth Accounts available from 2009;1.3.1;79909,85;237439,19;0,34
273;AT, BE, CZ, DE, DK, ES, FI, FR, IT, NL, SE and UK – Growth Accounts available from 2000;1.3.1;76299,46;214758,12;0,36
274;Austria;1.3.1;1437,58;5162,54;0,28
275;Belgium;1.3.1;151,75;3073,67;0,05
276;Bulgaria;1.3.1;887,01;4367,64;0,20
277;Cyprus;1.3.1;43,93;432,47;0,10
278;Czechia;1.3.1;18282,36;123723,88;0,15
279;Denmark;1.3.1;9986,15;27604,81;0,36
280;EU12 without UK;1.3.1;64921,20;198492,98;0,33
281;EU20 without UK;1.3.1;68531,59;221174,05;0,31
282;Estonia;1.3.1;218,48;582,56;0,38
283;Euro area - 19 countries  (from 2015);1.3.1;77782,08;204944,38;0,38
284;European Union - 15 countries (1995-2004);1.3.1;88574,75;226228,23;0,39
285;European Union - 27 countries (from 2020);1.3.1;86451,01;256253,54;0,34
286;European Union - 28 countries (2013-2020);1.3.1;97829,27;272518,68;0,36
287;Finland;1.3.1;101,56;6580,28;0,02
288;France;1.3.1;27265,88;46031,24;0,59
289;Germany (until 1990 former territory of the FRG);1.3.1;11446,99;26345,91;0,43
290;Greece;1.3.1;686,13;7765,96;0,09
291;Hungary;1.3.1;423962,67;1767564,14;0,24
292;Ireland;1.3.1;2840,90;3432,44;0,83
293;Italy;1.3.1;6191,04;40673,96;0,15
294;Japan;1.3.1;188093,67;8345446,51;0,02
295;Latvia;1.3.1;151,63;1237,29;0,12
296;Lithuania;1.3.1;186,83;1547,88;0,12
297;Luxembourg;1.3.1;21,02;161,08;0,13
298;Malta;1.3.1;0,00;111,13;0,00
299;Netherlands;1.3.1;2704,39;15087,87;0,18
300;Poland;1.3.1;18053,25;58588,33;0,31
301;Portugal;1.3.1;9440,08;4934,74;1,91
302;Slovakia;1.3.1;1324,56;2515,43;0,53
303;Slovenia;1.3.1;596,85;1215,08;0,49
304;Spain;1.3.1;13569,33;39267,92;0,35
305;United Kingdom;1.3.1;10066,46;14389,93;0,70
306;AT, BE, CZ, DE, DK, EE, ES, FI, FR, HU, IT, LT, LU, LV, NL, RO, SE, SI, SK and UK – Growth Accounts available from 2009;1.4.1;79909,85;237439,19;0,34
307;AT, BE, CZ, DE, DK, ES, FI, FR, IT, NL, SE and UK – Growth Accounts available from 2000;1.4.1;76299,46;214758,12;0,36
308;Austria;1.4.1;1437,58;5162,54;0,28
309;Belgium;1.4.1;151,75;3073,67;0,05
310;Bulgaria;1.4.1;887,01;4367,64;0,20
311;Cyprus;1.4.1;43,93;432,47;0,10
312;Czechia;1.4.1;18282,36;123723,88;0,15
313;Denmark;1.4.1;9986,15;27604,81;0,36
314;EU12 without UK;1.4.1;64921,20;198492,98;0,33
315;EU20 without UK;1.4.1;68531,59;221174,05;0,31
316;Estonia;1.4.1;218,48;582,56;0,38
317;Euro area - 19 countries  (from 2015);1.4.1;77782,08;204944,38;0,38
318;European Union - 15 countries (1995-2004);1.4.1;88574,75;226228,23;0,39
319;European Union - 27 countries (from 2020);1.4.1;86451,01;256253,54;0,34
320;European Union - 28 countries (2013-2020);1.4.1;97829,27;272518,68;0,36
321;Finland;1.4.1;101,56;6580,28;0,02
322;France;1.4.1;27265,88;46031,24;0,59
323;Germany (until 1990 former territory of the FRG);1.4.1;11446,99;26345,91;0,43
324;Greece;1.4.1;686,13;7765,96;0,09
325;Hungary;1.4.1;423962,67;1767564,14;0,24
326;Ireland;1.4.1;2840,90;3432,44;0,83
327;Italy;1.4.1;6191,04;40673,96;0,15
328;Japan;1.4.1;188093,67;8345446,51;0,02
329;Latvia;1.4.1;151,63;1237,29;0,12
330;Lithuania;1.4.1;186,83;1547,88;0,12
331;Luxembourg;1.4.1;21,02;161,08;0,13
332;Malta;1.4.1;0,00;111,13;0,00
333;Netherlands;1.4.1;2704,39;15087,87;0,18
334;Poland;1.4.1;18053,25;58588,33;0,31
335;Portugal;1.4.1;9440,08;4934,74;1,91
336;Slovakia;1.4.1;1324,56;2515,43;0,53
337;Slovenia;1.4.1;596,85;1215,08;0,49
338;Spain;1.4.1;13569,33;39267,92;0,35
339;United Kingdom;1.4.1;10066,46;14389,93;0,70
340;AT, BE, CZ, DE, DK, EE, ES, FI, FR, HU, IT, LT, LU, LV, NL, RO, SE, SI, SK and UK – Growth Accounts available from 2009;1.2.3;79909,85;237439,19;0,34
341;AT, BE, CZ, DE, DK, ES, FI, FR, IT, NL, SE and UK – Growth Accounts available from 2000;1.2.3;76299,46;214758,12;0,36
342;Austria;1.2.3;1437,58;5162,54;0,28
343;Belgium;1.2.3;151,75;3073,67;0,05
344;Bulgaria;1.2.3;887,01;4367,64;0,20
345;Cyprus;1.2.3;43,93;432,47;0,10
346;Czechia;1.2.3;18282,36;123723,88;0,15
347;Denmark;1.2.3;9986,15;27604,81;0,36
348;EU12 without UK;1.2.3;64921,20;198492,98;0,33
349;EU20 without UK;1.2.3;68531,59;221174,05;0,31
350;Estonia;1.2.3;218,48;582,56;0,38
351;Euro area - 19 countries  (from 2015);1.2.3;77782,08;204944,38;0,38
352;European Union - 15 countries (1995-2004);1.2.3;88574,75;226228,23;0,39
353;European Union - 27 countries (from 2020);1.2.3;86451,01;256253,54;0,34
354;European Union - 28 countries (2013-2020);1.2.3;97829,27;272518,68;0,36
355;Finland;1.2.3;101,56;6580,28;0,02
356;France;1.2.3;27265,88;46031,24;0,59
357;Germany (until 1990 former territory of the FRG);1.2.3;11446,99;26345,91;0,43
358;Greece;1.2.3;686,13;7765,96;0,09
359;Hungary;1.2.3;423962,67;1767564,14;0,24
360;Ireland;1.2.3;2840,90;3432,44;0,83
361;Italy;1.2.3;6191,04;40673,96;0,15
362;Japan;1.2.3;188093,67;8345446,51;0,02
363;Latvia;1.2.3;151,63;1237,29;0,12
364;Lithuania;1.2.3;186,83;1547,88;0,12
365;Luxembourg;1.2.3;21,02;161,08;0,13
366;Malta;1.2.3;0,00;111,13;0,00
367;Netherlands;1.2.3;2704,39;15087,87;0,18
368;Poland;1.2.3;18053,25;58588,33;0,31
369;Portugal;1.2.3;9440,08;4934,74;1,91
370;Slovakia;1.2.3;1324,56;2515,43;0,53
371;Slovenia;1.2.3;596,85;1215,08;0,49
372;Spain;1.2.3;13569,33;39267,92;0,35
373;United Kingdom;1.2.3;10066,46;14389,93;0,70
374;AT, BE, CZ, DE, DK, EE, ES, FI, FR, HU, IT, LT, LU, LV, NL, RO, SE, SI, SK and UK – Growth Accounts available from 2009;1.5.1;79909,85;237439,19;0,34
375;AT, BE, CZ, DE, DK, ES, FI, FR, IT, NL, SE and UK – Growth Accounts available from 2000;1.5.1;76299,46;214758,12;0,36
376;Austria;1.5.1;1437,58;5162,54;0,28
377;Belgium;1.5.1;151,75;3073,67;0,05
378;Bulgaria;1.5.1;887,01;4367,64;0,20
379;Cyprus;1.5.1;43,93;432,47;0,10
380;Czechia;1.5.1;18282,36;123723,88;0,15
381;Denmark;1.5.1;9986,15;27604,81;0,36
382;EU12 without UK;1.5.1;64921,20;198492,98;0,33
383;EU20 without UK;1.5.1;68531,59;221174,05;0,31
384;Estonia;1.5.1;218,48;582,56;0,38
385;Euro area - 19 countries  (from 2015);1.5.1;77782,08;204944,38;0,38
386;European Union - 15 countries (1995-2004);1.5.1;88574,75;226228,23;0,39
387;European Union - 27 countries (from 2020);1.5.1;86451,01;256253,54;0,34
388;European Union - 28 countries (2013-2020);1.5.1;97829,27;272518,68;0,36
389;Finland;1.5.1;101,56;6580,28;0,02
390;France;1.5.1;27265,88;46031,24;0,59
391;Germany (until 1990 former territory of the FRG);1.5.1;11446,99;26345,91;0,43
392;Greece;1.5.1;686,13;7765,96;0,09
393;Hungary;1.5.1;423962,67;1767564,14;0,24
394;Ireland;1.5.1;2840,90;3432,44;0,83
395;Italy;1.5.1;6191,04;40673,96;0,15
396;Japan;1.5.1;188093,67;8345446,51;0,02
397;Latvia;1.5.1;151,63;1237,29;0,12
398;Lithuania;1.5.1;186,83;1547,88;0,12
399;Luxembourg;1.5.1;21,02;161,08;0,13
400;Malta;1.5.1;0,00;111,13;0,00
401;Netherlands;1.5.1;2704,39;15087,87;0,18
402;Poland;1.5.1;18053,25;58588,33;0,31
403;Portugal;1.5.1;9440,08;4934,74;1,91
404;Slovakia;1.5.1;1324,56;2515,43;0,53
405;Slovenia;1.5.1;596,85;1215,08;0,49
406;Spain;1.5.1;13569,33;39267,92;0,35
407;United Kingdom;1.5.1;10066,46;14389,93;0,70
408;AT, BE, CZ, DE, DK, EE, ES, FI, FR, HU, IT, LT, LU, LV, NL, RO, SE, SI, SK and UK – Growth Accounts available from 2009;1.7.1;79909,85;237439,19;0,34
409;AT, BE, CZ, DE, DK, ES, FI, FR, IT, NL, SE and UK – Growth Accounts available from 2000;1.7.1;76299,46;214758,12;0,36
410;Austria;1.7.1;1437,58;5162,54;0,28
411;Belgium;1.7.1;151,75;3073,67;0,05
412;Bulgaria;1.7.1;887,01;4367,64;0,20
413;Cyprus;1.7.1;43,93;432,47;0,10
414;Czechia;1.7.1;18282,36;123723,88;0,15
415;Denmark;1.7.1;9986,15;27604,81;0,36
416;EU12 without UK;1.7.1;64921,20;198492,98;0,33
417;EU20 without UK;1.7.1;68531,59;221174,05;0,31
418;Estonia;1.7.1;218,48;582,56;0,38
419;Euro area - 19 countries  (from 2015);1.7.1;77782,08;204944,38;0,38
420;European Union - 15 countries (1995-2004);1.7.1;88574,75;226228,23;0,39
421;European Union - 27 countries (from 2020);1.7.1;86451,01;256253,54;0,34
422;European Union - 28 countries (2013-2020);1.7.1;97829,27;272518,68;0,36
423;Finland;1.7.1;101,56;6580,28;0,02
424;France;1.7.1;27265,88;46031,24;0,59
425;Germany (until 1990 former territory of the FRG);1.7.1;11446,99;26345,91;0,43
426;Greece;1.7.1;686,13;7765,96;0,09
427;Hungary;1.7.1;423962,67;1767564,14;0,24
428;Ireland;1.7.1;2840,90;3432,44;0,83
429;Italy;1.7.1;6191,04;40673,96;0,15
430;Japan;1.7.1;188093,67;8345446,51;0,02
431;Latvia;1.7.1;151,63;1237,29;0,12
432;Lithuania;1.7.1;186,83;1547,88;0,12
433;Luxembourg;1.7.1;21,02;161,08;0,13
434;Malta;1.7.1;0,00;111,13;0,00
435;Netherlands;1.7.1;2704,39;15087,87;0,18
436;Poland;1.7.1;18053,25;58588,33;0,31
437;Portugal;1.7.1;9440,08;4934,74;1,91
438;Slovakia;1.7.1;1324,56;2515,43;0,53
439;Slovenia;1.7.1;596,85;1215,08;0,49
440;Spain;1.7.1;13569,33;39267,92;0,35
441;United Kingdom;1.7.1;10066,46;14389,93;0,70
442;AT, BE, CZ, DE, DK, EE, ES, FI, FR, HU, IT, LT, LU, LV, NL, RO, SE, SI, SK and UK – Growth Accounts available from 2009;1.9.1;79909,85;237439,19;0,34
443;AT, BE, CZ, DE, DK, ES, FI, FR, IT, NL, SE and UK – Growth Accounts available from 2000;1.9.1;76299,46;214758,12;0,36
444;Austria;1.9.1;1437,58;5162,54;0,28
445;Belgium;1.9.1;151,75;3073,67;0,05
446;Bulgaria;1.9.1;887,01;4367,64;0,20
447;Cyprus;1.9.1;43,93;432,47;0,10
448;Czechia;1.9.1;18282,36;123723,88;0,15
449;Denmark;1.9.1;9986,15;27604,81;0,36
450;EU12 without UK;1.9.1;64921,20;198492,98;0,33
451;EU20 without UK;1.9.1;68531,59;221174,05;0,31
452;Estonia;1.9.1;218,48;582,56;0,38
453;Euro area - 19 countries  (from 2015);1.9.1;77782,08;204944,38;0,38
454;European Union - 15 countries (1995-2004);1.9.1;88574,75;226228,23;0,39
455;European Union - 27 countries (from 2020);1.9.1;86451,01;256253,54;0,34
456;European Union - 28 countries (2013-2020);1.9.1;97829,27;272518,68;0,36
457;Finland;1.9.1;101,56;6580,28;0,02
458;France;1.9.1;27265,88;46031,24;0,59
459;Germany (until 1990 former territory of the FRG);1.9.1;11446,99;26345,91;0,43
460;Greece;1.9.1;686,13;7765,96;0,09
461;Hungary;1.9.1;423962,67;1767564,14;0,24
462;Ireland;1.9.1;2840,90;3432,44;0,83
463;Italy;1.9.1;6191,04;40673,96;0,15
464;Japan;1.9.1;188093,67;8345446,51;0,02
465;Latvia;1.9.1;151,63;1237,29;0,12
466;Lithuania;1.9.1;186,83;1547,88;0,12
467;Luxembourg;1.9.1;21,02;161,08;0,13
468;Malta;1.9.1;0,00;111,13;0,00
469;Netherlands;1.9.1;2704,39;15087,87;0,18
470;Poland;1.9.1;18053,25;58588,33;0,31
471;Portugal;1.9.1;9440,08;4934,74;1,91
472;Slovakia;1.9.1;1324,56;2515,43;0,53
473;Slovenia;1.9.1;596,85;1215,08;0,49
474;Spain;1.9.1;13569,33;39267,92;0,35
475;United Kingdom;1.9.1;10066,46;14389,93;0,70
476;AT, BE, CZ, DE, DK, EE, ES, FI, FR, HU, IT, LT, LU, LV, NL, RO, SE, SI, SK and UK – Growth Accounts available from 2009;1.2.1;79909,85;237439,19;0,34
477;AT, BE, CZ, DE, DK, ES, FI, FR, IT, NL, SE and UK – Growth Accounts available from 2000;1.2.1;76299,46;214758,12;0,36
478;Austria;1.2.1;1437,58;5162,54;0,28
479;Belgium;1.2.1;151,75;3073,67;0,05
480;Bulgaria;1.2.1;887,01;4367,64;0,20
481;Cyprus;1.2.1;43,93;432,47;0,10
482;Czechia;1.2.1;18282,36;123723,88;0,15
483;Denmark;1.2.1;9986,15;27604,81;0,36
484;EU12 without UK;1.2.1;64921,20;198492,98;0,33
485;EU20 without UK;1.2.1;68531,59;221174,05;0,31
486;Estonia;1.2.1;218,48;582,56;0,38
487;Euro area - 19 countries  (from 2015);1.2.1;77782,08;204944,38;0,38
488;European Union - 15 countries (1995-2004);1.2.1;88574,75;226228,23;0,39
489;European Union - 27 countries (from 2020);1.2.1;86451,01;256253,54;0,34
490;European Union - 28 countries (2013-2020);1.2.1;97829,27;272518,68;0,36
491;Finland;1.2.1;101,56;6580,28;0,02
492;France;1.2.1;27265,88;46031,24;0,59
493;Germany (until 1990 former territory of the FRG);1.2.1;11446,99;26345,91;0,43
494;Greece;1.2.1;686,13;7765,96;0,09
495;Hungary;1.2.1;423962,67;1767564,14;0,24
496;Ireland;1.2.1;2840,90;3432,44;0,83
497;Italy;1.2.1;6191,04;40673,96;0,15
498;Japan;1.2.1;188093,67;8345446,51;0,02
499;Latvia;1.2.1;151,63;1237,29;0,12
500;Lithuania;1.2.1;186,83;1547,88;0,12
501;Luxembourg;1.2.1;21,02;161,08;0,13
502;Malta;1.2.1;0,00;111,13;0,00
503;Netherlands;1.2.1;2704,39;15087,87;0,18
504;Poland;1.2.1;18053,25;58588,33;0,31
505;Portugal;1.2.1;9440,08;4934,74;1,91
506;Slovakia;1.2.1;1324,56;2515,43;0,53
507;Slovenia;1.2.1;596,85;1215,08;0,49
508;Spain;1.2.1;13569,33;39267,92;0,35
509;United Kingdom;1.2.1;10066,46;14389,93;0,70
510;AT, BE, CZ, DE, DK, EE, ES, FI, FR, HU, IT, LT, LU, LV, NL, RO, SE, SI, SK and UK – Growth Accounts available from 2009;1.1.2;79909,85;237439,19;0,34
511;AT, BE, CZ, DE, DK, ES, FI, FR, IT, NL, SE and UK – Growth Accounts available from 2000;1.1.2;76299,46;214758,12;0,36
512;Austria;1.1.2;1437,58;5162,54;0,28
513;Belgium;1.1.2;151,75;3073,67;0,05
514;Bulgaria;1.1.2;887,01;4367,64;0,20
515;Cyprus;1.1.2;43,93;432,47;0,10
516;Czechia;1.1.2;18282,36;123723,88;0,15
517;Denmark;1.1.2;9986,15;27604,81;0,36
518;EU12 without UK;1.1.2;64921,20;198492,98;0,33
519;EU20 without UK;1.1.2;68531,59;221174,05;0,31
520;Estonia;1.1.2;218,48;582,56;0,38
521;Euro area - 19 countries  (from 2015);1.1.2;77782,08;204944,38;0,38
522;European Union - 15 countries (1995-2004);1.1.2;88574,75;226228,23;0,39
523;European Union - 27 countries (from 2020);1.1.2;86451,01;256253,54;0,34
524;European Union - 28 countries (2013-2020);1.1.2;97829,27;272518,68;0,36
525;Finland;1.1.2;101,56;6580,28;0,02
526;France;1.1.2;27265,88;46031,24;0,59
527;Germany (until 1990 former territory of the FRG);1.1.2;11446,99;26345,91;0,43
528;Greece;1.1.2;686,13;7765,96;0,09
529;Hungary;1.1.2;423962,67;1767564,14;0,24
530;Ireland;1.1.2;2840,90;3432,44;0,83
531;Italy;1.1.2;6191,04;40673,96;0,15
532;Japan;1.1.2;188093,67;8345446,51;0,02
533;Latvia;1.1.2;151,63;1237,29;0,12
534;Lithuania;1.1.2;186,83;1547,88;0,12
535;Luxembourg;1.1.2;21,02;161,08;0,13
536;Malta;1.1.2;0,00;111,13;0,00
537;Netherlands;1.1.2;2704,39;15087,87;0,18
538;Poland;1.1.2;18053,25;58588,33;0,31
539;Portugal;1.1.2;9440,08;4934,74;1,91
540;Slovakia;1.1.2;1324,56;2515,43;0,53
541;Slovenia;1.1.2;596,85;1215,08;0,49
542;Spain;1.1.2;13569,33;39267,92;0,35
543;United Kingdom;1.1.2;10066,46;14389,93;0,70
544;AT, BE, CZ, DE, DK, EE, ES, FI, FR, HU, IT, LT, LU, LV, NL, RO, SE, SI, SK and UK – Growth Accounts available from 2009;1.1.3;79909,85;237439,19;0,34
545;AT, BE, CZ, DE, DK, ES, FI, FR, IT, NL, SE and UK – Growth Accounts available from 2000;1.1.3;76299,46;214758,12;0,36
546;Austria;1.1.3;1437,58;5162,54;0,28
547;Belgium;1.1.3;151,75;3073,67;0,05
548;Bulgaria;1.1.3;887,01;4367,64;0,20
549;Cyprus;1.1.3;43,93;432,47;0,10
550;Czechia;1.1.3;18282,36;123723,88;0,15
551;Denmark;1.1.3;9986,15;27604,81;0,36
552;EU12 without UK;1.1.3;64921,20;198492,98;0,33
553;EU20 without UK;1.1.3;68531,59;221174,05;0,31
554;Estonia;1.1.3;218,48;582,56;0,38
555;Euro area - 19 countries  (from 2015);1.1.3;77782,08;204944,38;0,38
556;European Union - 15 countries (1995-2004);1.1.3;88574,75;226228,23;0,39
557;European Union - 27 countries (from 2020);1.1.3;86451,01;256253,54;0,34
558;European Union - 28 countries (2013-2020);1.1.3;97829,27;272518,68;0,36
559;Finland;1.1.3;101,56;6580,28;0,02
560;France;1.1.3;27265,88;46031,24;0,59
561;Germany (until 1990 former territory of the FRG);1.1.3;11446,99;26345,91;0,43
562;Greece;1.1.3;686,13;7765,96;0,09
563;Hungary;1.1.3;423962,67;1767564,14;0,24
564;Ireland;1.1.3;2840,90;3432,44;0,83
565;Italy;1.1.3;6191,04;40673,96;0,15
566;Japan;1.1.3;188093,67;8345446,51;0,02
567;Latvia;1.1.3;151,63;1237,29;0,12
568;Lithuania;1.1.3;186,83;1547,88;0,12
569;Luxembourg;1.1.3;21,02;161,08;0,13
570;Malta;1.1.3;0,00;111,13;0,00
571;Netherlands;1.1.3;2704,39;15087,87;0,18
572;Poland;1.1.3;18053,25;58588,33;0,31
573;Portugal;1.1.3;9440,08;4934,74;1,91
574;Slovakia;1.1.3;1324,56;2515,43;0,53
575;Slovenia;1.1.3;596,85;1215,08;0,49
576;Spain;1.1.3;13569,33;39267,92;0,35
577;United Kingdom;1.1.3;10066,46;14389,93;0,70
578;AT, BE, CZ, DE, DK, EE, ES, FI, FR, HU, IT, LT, LU, LV, NL, RO, SE, SI, SK and UK – Growth Accounts available from 2009;6.1.1;35,82;67517,61;0,00
579;AT, BE, CZ, DE, DK, ES, FI, FR, IT, NL, SE and UK – Growth Accounts available from 2000;6.1.1;0,28;64443,13;0,00
580;Austria;6.1.1;0,00;1360,70;0,00
581;Belgium;6.1.1;0,00;289,33;0,00
582;Bulgaria;6.1.1;0,00;2095,96;0,00
583;Cyprus;6.1.1;0,00;25,74;0,00
584;Czechia;6.1.1;7,09;39162,81;0,00
585;Denmark;6.1.1;0,00;29549,84;0,00
586;EU12 without UK;6.1.1;0,28;35842,65;0,00
587;EU20 without UK;6.1.1;35,82;38917,13;0,00
588;Estonia;6.1.1;0,00;293,94;0,00
589;Euro area - 19 countries  (from 2015);6.1.1;35,55;30498,15;0,00
590;European Union - 15 countries (1995-2004);6.1.1;0,00;65251,83;0,00
591;European Union - 27 countries (from 2020);6.1.1;36,10;51790,10;0,00
592;European Union - 28 countries (2013-2020);6.1.1;36,10;80390,58;0,00
593;Finland;6.1.1;0,00;1170,33;0,00
594;France;6.1.1;0,00;2300,50;0,00
595;Germany (until 1990 former territory of the FRG);6.1.1;0,00;5087,55;0,00
596;Greece;6.1.1;0,00;839,42;0,00
597;Ireland;6.1.1;0,00;739,87;0,00
598;Italy;6.1.1;0,00;5487,66;0,00
599;Japan;6.1.1;0,00;317822,02;0,00
600;Latvia;6.1.1;0,12;154,82;0,00
601;Lithuania;6.1.1;0,00;147,15;0,00
602;Luxembourg;6.1.1;0,00;43,81;0,00
603;Poland;6.1.1;1,18;38319,61;0,00
604;Portugal;6.1.1;0,00;712,59;0,00
605;Slovakia;6.1.1;35,43;388,30;0,09
606;Slovenia;6.1.1;0,00;168,99;0,00
607;Spain;6.1.1;0,00;2994,90;0,00
608;AT, BE, CZ, DE, DK, EE, ES, FI, FR, HU, IT, LT, LU, LV, NL, RO, SE, SI, SK and UK – Growth Accounts available from 2009;3.1.1;557,27;284938,01;0,00
609;AT, BE, CZ, DE, DK, ES, FI, FR, IT, NL, SE and UK – Growth Accounts available from 2000;3.1.1;8,24;266091,42;0,00
610;Austria;3.1.1;0,00;7375,30;0,00
611;Belgium;3.1.1;0,00;10076,85;0,00
612;Bulgaria;3.1.1;24,92;2857,56;0,01
613;Cyprus;3.1.1;0,00;420,77;0,00
614;Czechia;3.1.1;211,39;119648,41;0,00
615;Denmark;3.1.1;0,00;35640,03;0,00
616;EU12 without UK;3.1.1;8,24;225953,84;0,00
617;EU20 without UK;3.1.1;557,27;244800,43;0,00
618;Euro area - 19 countries  (from 2015);3.1.1;549,03;238117,75;0,00
619;European Union - 15 countries (1995-2004);3.1.1;0,00;283669,97;0,00
620;European Union - 27 countries (from 2020);3.1.1;570,01;287334,66;0,00
621;European Union - 28 countries (2013-2020);3.1.1;570,01;327472,24;0,00
622;Finland;3.1.1;0,00;3238,18;0,00
623;France;3.1.1;0,00;51169,58;0,00
624;Germany (until 1990 former territory of the FRG);3.1.1;0,00;55332,44;0,00
625;Greece;3.1.1;0,00;5915,52;0,00
626;Japan;3.1.1;0,00;16130571,44;0,00
627;Latvia;3.1.1;1,18;707,39;0,00
628;Luxembourg;3.1.1;0,00;332,91;0,00
629;Portugal;3.1.1;0,00;5034,17;0,00
630;Slovakia;3.1.1;547,84;1255,00;0,44
631;Spain;3.1.1;0,00;29802,57;0,00
632;AT, BE, CZ, DE, DK, EE, ES, FI, FR, HU, IT, LT, LU, LV, NL, RO, SE, SI, SK and UK – Growth Accounts available from 2009;3.2.1;3416,28;2087093,37;0,00
633;AT, BE, CZ, DE, DK, ES, FI, FR, IT, NL, SE and UK – Growth Accounts available from 2000;3.2.1;9,58;1986038,97;0,00
634;Austria;3.2.1;0,00;69461,97;0,00
635;Belgium;3.2.1;0,00;56086,84;0,00
636;Bulgaria;3.2.1;1,89;14596,72;0,00
637;Cyprus;3.2.1;0,00;918,90;0,00
638;Czechia;3.2.1;245,64;1329243,42;0,00
639;Denmark;3.2.1;0,00;305607,41;0,00
640;EU12 without UK;3.2.1;9,58;1769685,26;0,00
641;EU20 without UK;3.2.1;3416,28;1870739,66;0,00
642;Euro area - 19 countries  (from 2015);3.2.1;3406,70;1693278,56;0,00
643;European Union - 15 countries (1995-2004);3.2.1;0,00;1976502,66;0,00
644;European Union - 27 countries (from 2020);3.2.1;3417,24;2012302,07;0,00
645;European Union - 28 countries (2013-2020);3.2.1;3417,24;2228655,77;0,00
646;Finland;3.2.1;0,00;37124,49;0,00
647;France;3.2.1;0,00;224586,84;0,00
648;Germany (until 1990 former territory of the FRG);3.2.1;0,00;740627,35;0,00
649;Greece;3.2.1;0,00;10770,07;0,00
650;Japan;3.2.1;0,00;117058413,49;0,00
651;Latvia;3.2.1;2,13;2927,35;0,00
652;Luxembourg;3.2.1;0,00;1334,12;0,00
653;Portugal;3.2.1;0,00;24679,00;0,00
654;Slovakia;3.2.1;3404,57;18784,73;0,18
655;Spain;3.2.1;0,00;128526,82;0,00
656;AT, BE, CZ, DE, DK, EE, ES, FI, FR, HU, IT, LT, LU, LV, NL, RO, SE, SI, SK and UK – Growth Accounts available from 2009;7.1.3;1377,99;270798,17;0,01
657;AT, BE, CZ, DE, DK, ES, FI, FR, IT, NL, SE and UK – Growth Accounts available from 2000;7.1.3;4,42;257654,08;0,00
658;Austria;7.1.3;0,00;7094,70;0,00
659;Belgium;7.1.3;0,00;6136,95;0,00
660;Bulgaria;7.1.3;0,59;3607,70;0,00
661;Cyprus;7.1.3;0,00;235,36;0,00
662;Czechia;7.1.3;113,37;160066,57;0,00
663;Denmark;7.1.3;0,00;31426,38;0,00
664;EU12 without UK;7.1.3;4,42;221494,35;0,00
665;EU20 without UK;7.1.3;1377,99;234638,43;0,01
666;Estonia;7.1.3;0,00;875,56;0,00
667;Euro area - 19 countries  (from 2015);7.1.3;1373,10;220383,59;0,01
668;European Union - 15 countries (1995-2004);7.1.3;0,00;266618,67;0,00
669;European Union - 27 countries (from 2020);7.1.3;1378,84;267891,03;0,01
670;European Union - 28 countries (2013-2020);7.1.3;1378,84;304050,77;0,00
671;Finland;7.1.3;0,00;4899,78;0,00
672;France;7.1.3;0,00;41254,28;0,00
673;Germany (until 1990 former territory of the FRG);7.1.3;0,00;69420,05;0,00
674;Greece;7.1.3;0,00;5530,29;0,00
675;Ireland;7.1.3;0,00;3623,05;0,00
676;Italy;7.1.3;0,00;30460,83;0,00
677;Japan;7.1.3;0,00;8764928,64;0,00
678;Latvia;7.1.3;0,47;479,59;0,00
679;Lithuania;7.1.3;0,00;829,27;0,00
680;Luxembourg;7.1.3;0,00;517,49;0,00
681;Poland;7.1.3;2,36;60836,87;0,00
682;Portugal;7.1.3;0,00;5534,90;0,00
683;Slovakia;7.1.3;1372,62;2167,52;0,63
684;Slovenia;7.1.3;0,47;1045,26;0,00
685;Spain;7.1.3;0,00;31768,86;0,00
686;AT, BE, CZ, DE, DK, EE, ES, FI, FR, HU, IT, LT, LU, LV, NL, RO, SE, SI, SK and UK – Growth Accounts available from 2009;7.1.2;1377,99;270798,17;0,01
687;AT, BE, CZ, DE, DK, ES, FI, FR, IT, NL, SE and UK – Growth Accounts available from 2000;7.1.2;4,42;257654,08;0,00
688;Austria;7.1.2;0,00;7094,70;0,00
689;Belgium;7.1.2;0,00;6136,95;0,00
690;Bulgaria;7.1.2;0,59;3607,70;0,00
691;Cyprus;7.1.2;0,00;235,36;0,00
692;Czechia;7.1.2;113,37;160066,57;0,00
693;Denmark;7.1.2;0,00;31426,38;0,00
694;EU12 without UK;7.1.2;4,42;221494,35;0,00
695;EU20 without UK;7.1.2;1377,99;234638,43;0,01
696;Estonia;7.1.2;0,00;875,56;0,00
697;Euro area - 19 countries  (from 2015);7.1.2;1373,10;220383,59;0,01
698;European Union - 15 countries (1995-2004);7.1.2;0,00;266618,67;0,00
699;European Union - 27 countries (from 2020);7.1.2;1378,84;267891,03;0,01
700;European Union - 28 countries (2013-2020);7.1.2;1378,84;304050,77;0,00
701;Finland;7.1.2;0,00;4899,78;0,00
702;France;7.1.2;0,00;41254,28;0,00
703;Germany (until 1990 former territory of the FRG);7.1.2;0,00;69420,05;0,00
704;Greece;7.1.2;0,00;5530,29;0,00
705;Ireland;7.1.2;0,00;3623,05;0,00
706;Italy;7.1.2;0,00;30460,83;0,00
707;Japan;7.1.2;0,00;8764928,64;0,00
708;Latvia;7.1.2;0,47;479,59;0,00
709;Lithuania;7.1.2;0,00;829,27;0,00
710;Luxembourg;7.1.2;0,00;517,49;0,00
711;Poland;7.1.2;2,36;60836,87;0,00
712;Portugal;7.1.2;0,00;5534,90;0,00
713;Slovakia;7.1.2;1372,62;2167,52;0,63
714;Slovenia;7.1.2;0,47;1045,26;0,00
715;Spain;7.1.2;0,00;31768,86;0,00
716;AT, BE, CZ, DE, DK, EE, ES, FI, FR, HU, IT, LT, LU, LV, NL, RO, SE, SI, SK and UK – Growth Accounts available from 2009;7.1.1;1377,99;270798,17;0,01
717;AT, BE, CZ, DE, DK, ES, FI, FR, IT, NL, SE and UK – Growth Accounts available from 2000;7.1.1;4,42;257654,08;0,00
718;Austria;7.1.1;0,00;7094,70;0,00
719;Belgium;7.1.1;0,00;6136,95;0,00
720;Bulgaria;7.1.1;0,59;3607,70;0,00
721;Cyprus;7.1.1;0,00;235,36;0,00
722;Czechia;7.1.1;113,37;160066,57;0,00
723;Denmark;7.1.1;0,00;31426,38;0,00
724;EU12 without UK;7.1.1;4,42;221494,35;0,00
725;EU20 without UK;7.1.1;1377,99;234638,43;0,01
726;Estonia;7.1.1;0,00;875,56;0,00
727;Euro area - 19 countries  (from 2015);7.1.1;1373,10;220383,59;0,01
728;European Union - 15 countries (1995-2004);7.1.1;0,00;266618,67;0,00
729;European Union - 27 countries (from 2020);7.1.1;1378,84;267891,03;0,01
730;European Union - 28 countries (2013-2020);7.1.1;1378,84;304050,77;0,00
731;Finland;7.1.1;0,00;4899,78;0,00
732;France;7.1.1;0,00;41254,28;0,00
733;Germany (until 1990 former territory of the FRG);7.1.1;0,00;69420,05;0,00
734;Greece;7.1.1;0,00;5530,29;0,00
735;Ireland;7.1.1;0,00;3623,05;0,00
736;Italy;7.1.1;0,00;30460,83;0,00
737;Japan;7.1.1;0,00;8764928,64;0,00
738;Latvia;7.1.1;0,47;479,59;0,00
739;Lithuania;7.1.1;0,00;829,27;0,00
740;Luxembourg;7.1.1;0,00;517,49;0,00
741;Poland;7.1.1;2,36;60836,87;0,00
742;Portugal;7.1.1;0,00;5534,90;0,00
743;Slovakia;7.1.1;1372,62;2167,52;0,63
744;Slovenia;7.1.1;0,47;1045,26;0,00
745;Spain;7.1.1;0,00;31768,86;0,00
746;AT, BE, CZ, DE, DK, EE, ES, FI, FR, HU, IT, LT, LU, LV, NL, RO, SE, SI, SK and UK – Growth Accounts available from 2009;7.2.1;55,15;153543,62;0,00
747;AT, BE, CZ, DE, DK, ES, FI, FR, IT, NL, SE and UK – Growth Accounts available from 2000;7.2.1;2,72;148232,26;0,00
748;Austria;7.2.1;0,00;4214,94;0,00
749;Belgium;7.2.1;0,00;4598,87;0,00
750;Bulgaria;7.2.1;0,00;1109,39;0,00
751;Cyprus;7.2.1;0,00;172,66;0,00
752;Czechia;7.2.1;69,68;58715,88;0,00
753;Denmark;7.2.1;0,00;19003,92;0,00
754;EU12 without UK;7.2.1;2,72;115760,71;0,00
755;EU20 without UK;7.2.1;55,15;121072,07;0,00
756;Estonia;7.2.1;0,00;210,68;0,00
757;Euro area - 19 countries  (from 2015);7.2.1;52,43;115926,75;0,00
758;European Union - 15 countries (1995-2004);7.2.1;0,00;152054,90;0,00
759;European Union - 27 countries (from 2020);7.2.1;57,37;135393,51;0,00
760;European Union - 28 countries (2013-2020);7.2.1;57,37;167865,05;0,00
761;Finland;7.2.1;0,00;2177,68;0,00
762;France;7.2.1;0,00;17969,40;0,00
763;Germany (until 1990 former territory of the FRG);7.2.1;0,00;39463,96;0,00
764;Greece;7.2.1;0,00;2336,05;0,00
765;Ireland;7.2.1;0,00;1472,18;0,00
766;Italy;7.2.1;0,00;19705,05;0,00
767;Japan;7.2.1;0,00;7949732,27;0,00
768;Latvia;7.2.1;0,00;255,56;0,00
769;Lithuania;7.2.1;0,00;482,89;0,00
770;Luxembourg;7.2.1;0,00;314,37;0,00
771;Malta;7.2.1;0,00;102,03;0,00
772;Poland;7.2.1;9,45;29001,88;0,00
773;Portugal;7.2.1;0,00;1989,44;0,00
774;Slovakia;7.2.1;52,43;826,43;0,06
775;Slovenia;7.2.1;0,00;406,13;0,00
776;Spain;7.2.1;0,00;14399,38;0,00
777;AT, BE, CZ, DE, DK, EE, ES, FI, FR, HU, IT, LT, LU, LV, NL, RO, SE, SI, SK and UK – Growth Accounts available from 2009;5.1.1;183,61;848318,44;0,00
778;AT, BE, CZ, DE, DK, ES, FI, FR, IT, NL, SE and UK – Growth Accounts available from 2000;5.1.1;1,15;808799,56;0,00
779;Austria;5.1.1;0,00;26492,71;0,00
780;Belgium;5.1.1;0,00;25580,42;0,00
781;Bulgaria;5.1.1;0,47;4692,64;0,00
782;Cyprus;5.1.1;0,00;1253,94;0,00
783;Czechia;5.1.1;29,52;321982,52;0,00
784;Denmark;5.1.1;0,00;139312,48;0,00
785;EU12 without UK;5.1.1;1,15;644347,47;0,00
786;EU20 without UK;5.1.1;183,61;683866,35;0,00
787;Estonia;5.1.1;0,00;1798,24;0,00
788;Euro area - 19 countries  (from 2015);5.1.1;182,34;621182,78;0,00
789;European Union - 15 countries (1995-2004);5.1.1;0,00;821004,24;0,00
790;European Union - 27 countries (from 2020);5.1.1;195,49;752851,14;0,00
791;European Union - 28 countries (2013-2020);5.1.1;195,49;917303,24;0,00
792;Finland;5.1.1;0,00;17684,79;0,00
793;France;5.1.1;0,00;138738,54;0,00
794;Germany (until 1990 former territory of the FRG);5.1.1;0,00;175175,71;0,00
795;Greece;5.1.1;0,00;2680,77;0,00
796;Ireland;5.1.1;0,00;9439,25;0,00
797;Italy;5.1.1;0,00;79243,94;0,00
798;Japan;5.1.1;0,00;35664229,81;0,00
799;Latvia;5.1.1;0,24;1899,68;0,00
800;Lithuania;5.1.1;0,00;3399,02;0,00
801;Luxembourg;5.1.1;0,00;3824,64;0,00
802;Malta;5.1.1;0,00;521,51;0,00
803;Poland;5.1.1;49,60;167721,52;0,00
804;Portugal;5.1.1;0,00;8814,41;0,00
805;Slovakia;5.1.1;182,10;7512,88;0,02
806;Slovenia;5.1.1;0,12;2700,49;0,00
807;Spain;5.1.1;0,00;78689,36;0,00
808;AT, BE, CZ, DE, DK, EE, ES, FI, FR, HU, IT, LT, LU, LV, NL, RO, SE, SI, SK and UK – Growth Accounts available from 2009;2.2.1;395,98;794418,75;0,00
809;AT, BE, CZ, DE, DK, ES, FI, FR, IT, NL, SE and UK – Growth Accounts available from 2000;2.2.1;36,38;762676,65;0,00
810;Austria;2.2.1;0,00;24952,86;0,00
811;Bulgaria;2.2.1;6,26;8810,39;0,00
812;Cyprus;2.2.1;0,00;1037,82;0,00
813;Czechia;2.2.1;932,95;324199,17;0,00
814;Denmark;2.2.1;0,00;196512,01;0,00
815;EU12 without UK;2.2.1;36,38;669338,65;0,00
816;EU20 without UK;2.2.1;395,98;701080,75;0,00
817;Euro area - 19 countries  (from 2015);2.2.1;359,60;664088,51;0,00
818;European Union - 15 countries (1995-2004);2.2.1;0,00;796425,49;0,00
819;European Union - 27 countries (from 2020);2.2.1;399,18;788791,65;0,00
820;European Union - 28 countries (2013-2020);2.2.1;399,18;882129,66;0,00
821;Finland;2.2.1;0,00;9509,05;0,00
822;France;2.2.1;0,00;113711,75;0,00
823;Germany (until 1990 former territory of the FRG);2.2.1;0,00;176488,93;0,00
824;Greece;2.2.1;0,00;12193,95;0,00
825;Japan;2.2.1;0,00;54244842,55;0,00
826;Latvia;2.2.1;2,72;2022,98;0,00
827;Luxembourg;2.2.1;0,00;4088,82;0,00
828;Portugal;2.2.1;0,00;14212,91;0,00
829;Slovakia;2.2.1;356,88;4245,89;0,08
830;AT, BE, CZ, DE, DK, EE, ES, FI, FR, HU, IT, LT, LU, LV, NL, RO, SE, SI, SK and UK – Growth Accounts available from 2009;2.1.1;395,98;794418,75;0,00
831;AT, BE, CZ, DE, DK, ES, FI, FR, IT, NL, SE and UK – Growth Accounts available from 2000;2.1.1;36,38;762676,65;0,00
832;Austria;2.1.1;0,00;24952,86;0,00
833;Bulgaria;2.1.1;6,26;8810,39;0,00
834;Cyprus;2.1.1;0,00;1037,82;0,00
835;Czechia;2.1.1;932,95;324199,17;0,00
836;Denmark;2.1.1;0,00;196512,01;0,00
837;EU12 without UK;2.1.1;36,38;669338,65;0,00
838;EU20 without UK;2.1.1;395,98;701080,75;0,00
839;Euro area - 19 countries  (from 2015);2.1.1;359,60;664088,51;0,00
840;European Union - 15 countries (1995-2004);2.1.1;0,00;796425,49;0,00
841;European Union - 27 countries (from 2020);2.1.1;399,18;788791,65;0,00
842;European Union - 28 countries (2013-2020);2.1.1;399,18;882129,66;0,00
843;Finland;2.1.1;0,00;9509,05;0,00
844;France;2.1.1;0,00;113711,75;0,00
845;Germany (until 1990 former territory of the FRG);2.1.1;0,00;176488,93;0,00
846;Greece;2.1.1;0,00;12193,95;0,00
847;Japan;2.1.1;0,00;54244842,55;0,00
848;Latvia;2.1.1;2,72;2022,98;0,00
849;Luxembourg;2.1.1;0,00;4088,82;0,00
850;Portugal;2.1.1;0,00;14212,91;0,00
851;Slovakia;2.1.1;356,88;4245,89;0,08
852;AT, BE, CZ, DE, DK, EE, ES, FI, FR, HU, IT, LT, LU, LV, NL, RO, SE, SI, SK and UK – Growth Accounts available from 2009;2.1.2;410,31;665504,22;0,00
853;AT, BE, CZ, DE, DK, ES, FI, FR, IT, NL, SE and UK – Growth Accounts available from 2000;2.1.2;0,05;632700,61;0,00
854;Austria;2.1.2;0,00;17295,79;0,00
855;Bulgaria;2.1.2;1,06;6465,96;0,00
856;Cyprus;2.1.2;0,00;1227,01;0,00
857;Czechia;2.1.2;1,18;238858,68;0,00
858;Denmark;2.1.2;0,00;73298,30;0,00
859;EU12 without UK;2.1.2;0,05;502491,40;0,00
860;EU20 without UK;2.1.2;410,31;535295,01;0,00
861;Euro area - 19 countries  (from 2015);2.1.2;410,26;510833,80;0,00
862;European Union - 15 countries (1995-2004);2.1.2;0,00;655032,50;0,00
863;European Union - 27 countries (from 2020);2.1.2;410,85;616042,55;0,00
864;European Union - 28 countries (2013-2020);2.1.2;410,85;746251,76;0,00
865;Finland;2.1.2;0,00;7958,45;0,00
866;France;2.1.2;0,00;103178,81;0,00
867;Germany (until 1990 former territory of the FRG);2.1.2;0,00;122940,91;0,00
868;Greece;2.1.2;0,00;8670,33;0,00
869;Japan;2.1.2;0,00;33977696,87;0,00
870;Latvia;2.1.2;0,00;1757,02;0,00
871;Luxembourg;2.1.2;0,00;1603,62;0,00
872;Portugal;2.1.2;0,00;10654,45;0,00
873;Slovakia;2.1.2;410,26;4476,64;0,09
874;AT, BE, CZ, DE, DK, EE, ES, FI, FR, HU, IT, LT, LU, LV, NL, RO, SE, SI, SK and UK – Growth Accounts available from 2009;2.2.2;410,31;665504,22;0,00
875;AT, BE, CZ, DE, DK, ES, FI, FR, IT, NL, SE and UK – Growth Accounts available from 2000;2.2.2;0,05;632700,61;0,00
876;Austria;2.2.2;0,00;17295,79;0,00
877;Bulgaria;2.2.2;1,06;6465,96;0,00
878;Cyprus;2.2.2;0,00;1227,01;0,00
879;Czechia;2.2.2;1,18;238858,68;0,00
880;Denmark;2.2.2;0,00;73298,30;0,00
881;EU12 without UK;2.2.2;0,05;502491,40;0,00
882;EU20 without UK;2.2.2;410,31;535295,01;0,00
883;Euro area - 19 countries  (from 2015);2.2.2;410,26;510833,80;0,00
884;European Union - 15 countries (1995-2004);2.2.2;0,00;655032,50;0,00
885;European Union - 27 countries (from 2020);2.2.2;410,85;616042,55;0,00
886;European Union - 28 countries (2013-2020);2.2.2;410,85;746251,76;0,00
887;Finland;2.2.2;0,00;7958,45;0,00
888;France;2.2.2;0,00;103178,81;0,00
889;Germany (until 1990 former territory of the FRG);2.2.2;0,00;122940,91;0,00
890;Greece;2.2.2;0,00;8670,33;0,00
891;Japan;2.2.2;0,00;33977696,87;0,00
892;Latvia;2.2.2;0,00;1757,02;0,00
893;Luxembourg;2.2.2;0,00;1603,62;0,00
894;Portugal;2.2.2;0,00;10654,45;0,00
895;Slovakia;2.2.2;410,26;4476,64;0,09
896;AT, BE, CZ, DE, DK, EE, ES, FI, FR, HU, IT, LT, LU, LV, NL, RO, SE, SI, SK and UK – Growth Accounts available from 2009;10.1.2;379,27;682844,69;0,00
897;AT, BE, CZ, DE, DK, ES, FI, FR, IT, NL, SE and UK – Growth Accounts available from 2000;10.1.2;2,07;641714,43;0,00
898;Austria;10.1.2;0,00;22227,81;0,00
899;Bulgaria;10.1.2;0,12;6060,78;0,00
900;Cyprus;10.1.2;0,00;961,65;0,00
901;Czechia;10.1.2;53,14;325153,39;0,00
902;Denmark;10.1.2;0,00;85690,06;0,00
903;EU12 without UK;10.1.2;2,07;547855,84;0,00
904;EU20 without UK;10.1.2;379,27;588986,10;0,00
905;Euro area - 19 countries  (from 2015);10.1.2;377,20;555214,66;0,00
906;European Union - 15 countries (1995-2004);10.1.2;0,00;655943,04;0,00
907;European Union - 27 countries (from 2020);10.1.2;379,33;655863,64;0,00
908;European Union - 28 countries (2013-2020);10.1.2;379,33;749722,23;0,00
909;Finland;10.1.2;0,00;10406,57;0,00
910;France;10.1.2;0,00;109739,02;0,00
911;Germany (until 1990 former territory of the FRG);10.1.2;0,00;149946,98;0,00
912;Greece;10.1.2;0,00;8027,77;0,00
913;Japan;10.1.2;0,00;30375987,56;0,00
914;Latvia;10.1.2;0,71;2585,94;0,00
915;Luxembourg;10.1.2;0,00;1396,12;0,00
916;Portugal;10.1.2;0,00;10236,87;0,00
917;Slovakia;10.1.2;376,49;5993,58;0,06
918;AT, BE, CZ, DE, DK, EE, ES, FI, FR, HU, IT, LT, LU, LV, NL, RO, SE, SI, SK and UK – Growth Accounts available from 2009;10.1.1;6,50;34451,46;0,00
919;AT, BE, CZ, DE, DK, ES, FI, FR, IT, NL, SE and UK – Growth Accounts available from 2000;10.1.1;0,00;33766,29;0,00
920;Austria;10.1.1;0,00;58,34;0,00
921;Bulgaria;10.1.1;0,00;95,89;0,00
922;Cyprus;10.1.1;0,00;687,79;0,00
923;Czechia;10.1.1;0,00;367,28;0,00
924;Denmark;10.1.1;0,00;31211,45;0,00
925;EU12 without UK;10.1.1;0,00;24490,42;0,00
926;EU20 without UK;10.1.1;6,50;25175,59;0,00
927;Euro area - 19 countries  (from 2015);10.1.1;6,50;25891,25;0,00
928;European Union - 15 countries (1995-2004);10.1.1;0,00;39213,53;0,00
929;European Union - 27 countries (from 2020);10.1.1;6,50;31972,88;0,00
930;European Union - 28 countries (2013-2020);10.1.1;6,50;41248,74;0,00
931;Finland;10.1.1;0,00;759,35;0,00
932;France;10.1.1;0,00;1946,21;0,00
933;Germany (until 1990 former territory of the FRG);10.1.1;0,00;7081,00;0,00
934;Greece;10.1.1;0,00;5235,05;0,00
935;Japan;10.1.1;0,00;2780705,01;0,00
936;Latvia;10.1.1;0,00;59,52;0,00
937;Portugal;10.1.1;0,00;155,18;0,00
938;Slovakia;10.1.1;6,50;14,64;0,44
939;AT, BE, CZ, DE, DK, EE, ES, FI, FR, HU, IT, LT, LU, LV, NL, RO, SE, SI, SK and UK – Growth Accounts available from 2009;8.1.1;1991,25;5449246,52;0,00
940;AT, BE, CZ, DE, DK, ES, FI, FR, IT, NL, SE and UK – Growth Accounts available from 2000;8.1.1;601,38;5267091,70;0,00
941;Austria;8.1.1;0,00;137917,65;0,00
942;Belgium;8.1.1;0,00;108298,49;0,00
943;Bulgaria;8.1.1;2,24;29347,90;0,00
944;Cyprus;8.1.1;0,00;8466,62;0,00
945;Czechia;8.1.1;165,33;1523849,38;0,00
946;Denmark;8.1.1;0,00;821098,78;0,00
947;EU12 without UK;8.1.1;601,38;4263194,27;0,00
948;EU20 without UK;8.1.1;1991,25;4445349,09;0,00
949;Estonia;8.1.1;1,30;7741,87;0,00
950;Euro area - 19 countries  (from 2015);8.1.1;1981,85;4229673,72;0,00
951;European Union - 15 countries (1995-2004);8.1.1;594,94;5475000,53;0,00
952;European Union - 27 countries (from 2020);8.1.1;2080,99;4876981,07;0,00
953;European Union - 28 countries (2013-2020);8.1.1;2080,99;5880878,50;0,00
954;Finland;8.1.1;27,16;81116,22;0,00
955;France;8.1.1;0,00;977207,97;0,00
956;Germany (until 1990 former territory of the FRG);8.1.1;0,00;1216613,43;0,00
957;Greece;8.1.1;0,00;52803,43;0,00
958;Ireland;8.1.1;0,00;124627,43;0,00
959;Italy;8.1.1;536,04;596305,03;0,00
960;Japan;8.1.1;54998,04;141619110,60;0,00
961;Latvia;8.1.1;1,77;8186,61;0,00
962;Lithuania;8.1.1;0,00;11450,65;0,00
963;Luxembourg;8.1.1;0,00;21181,95;0,00
964;Malta;8.1.1;0,00;6465,73;0,00
965;Netherlands;8.1.1;0,00;316865,45;0,00
966;Poland;8.1.1;372,00;557725,84;0,00
967;Portugal;8.1.1;0,00;68712,30;0,00
968;Slovakia;8.1.1;1383,84;26052,33;0,05
969;Slovenia;8.1.1;4,25;13879,05;0,00
970;Spain;8.1.1;31,74;459660,56;0,00
971;AT, BE, CZ, DE, DK, EE, ES, FI, FR, HU, IT, LT, LU, LV, NL, RO, SE, SI, SK and UK – Growth Accounts available from 2009;4.1.1;69,44;747445,33;0,00
972;AT, BE, CZ, DE, DK, ES, FI, FR, IT, NL, SE and UK – Growth Accounts available from 2000;4.1.1;0,00;712700,31;0,00
973;Austria;4.1.1;0,00;16713,46;0,00
974;Belgium;4.1.1;0,00;31632,93;0,00
975;Bulgaria;4.1.1;0,00;7478,51;0,00
976;Cyprus;4.1.1;0,00;1879,13;0,00
977;Czechia;4.1.1;0,00;245585,40;0,00
978;Denmark;4.1.1;0,00;130660,81;0,00
979;EU12 without UK;4.1.1;0,00;540148,35;0,00
980;EU20 without UK;4.1.1;69,44;574893,37;0,00
981;Estonia;4.1.1;0,00;1100,18;0,00
982;Euro area - 19 countries  (from 2015);4.1.1;69,44;561493,09;0,00
983;European Union - 15 countries (1995-2004);4.1.1;0,00;761985,49;0,00
984;European Union - 27 countries (from 2020);4.1.1;70,55;649200,79;0,00
985;European Union - 28 countries (2013-2020);4.1.1;70,55;821752,75;0,00
986;Finland;4.1.1;0,00;7709,27;0,00
987;France;4.1.1;0,00;101342,43;0,00
988;Germany (until 1990 former territory of the FRG);4.1.1;0,00;136702,57;0,00
989;Greece;4.1.1;0,00;9837,59;0,00
990;Ireland;4.1.1;0,00;21962,09;0,00
991;Italy;4.1.1;0,00;92187,43;0,00
992;Japan;4.1.1;0,00;26906742,37;0,00
993;Latvia;4.1.1;0,35;1070,54;0,00
994;Lithuania;4.1.1;0,00;1083,76;0,00
995;Luxembourg;4.1.1;0,00;16832,85;0,00
996;Malta;4.1.1;0,00;1035,46;0,00
997;Poland;4.1.1;4,72;91313,76;0,00
998;Portugal;4.1.1;0,00;10228,25;0,00
999;Slovakia;4.1.1;69,09;3004,70;0,02
1000;Slovenia;4.1.1;0,00;1788,32;0,00
1001;Spain;4.1.1;0,00;52308,02;0,00
1002;AT, BE, CZ, DE, DK, EE, ES, FI, FR, HU, IT, LT, LU, LV, NL, RO, SE, SI, SK and UK – Growth Accounts available from 2009;9.1.1;525,84;1763657,88;0,00
1003;AT, BE, CZ, DE, DK, ES, FI, FR, IT, NL, SE and UK – Growth Accounts available from 2000;9.1.1;5,16;1707780,54;0,00
1004;Austria;9.1.1;0,00;40240,91;0,00
1005;Belgium;9.1.1;0,00;44260,40;0,00
1006;Bulgaria;9.1.1;2,72;11880,52;0,00
1007;Cyprus;9.1.1;0,00;2220,67;0,00
1008;Czechia;9.1.1;132,27;526888,76;0,00
1009;Denmark;9.1.1;0,00;242109,85;0,00
1010;EU12 without UK;9.1.1;5,16;1363534,92;0,00
1011;EU20 without UK;9.1.1;525,84;1419412,26;0,00
1012;Estonia;9.1.1;0,00;2651,01;0,00
1013;Euro area - 19 countries  (from 2015);9.1.1;519,74;1375232,04;0,00
1014;European Union - 15 countries (1995-2004);9.1.1;0,00;1772018,45;0,00
1015;European Union - 27 countries (from 2020);9.1.1;553,56;1541015,22;0,00
1016;European Union - 28 countries (2013-2020);9.1.1;553,56;1885260,83;0,00
1017;Finland;9.1.1;0,00;30486,34;0,00
1018;France;9.1.1;0,00;318353,45;0,00
1019;Germany (until 1990 former territory of the FRG);9.1.1;0,00;375288,45;0,00
1020;Greece;9.1.1;0,00;30266,45;0,00
1021;Ireland;9.1.1;0,00;23583,90;0,00
1022;Italy;9.1.1;0,00;250807,34;0,00
1023;Japan;9.1.1;0,00;73208249,87;0,00
1024;Latvia;9.1.1;9,92;3706,07;0,00
1025;Lithuania;9.1.1;0,00;3307,03;0,00
1026;Luxembourg;9.1.1;0,00;4702,68;0,00
1027;Malta;9.1.1;0,00;818,87;0,00
1028;Poland;9.1.1;112,19;107225,95;0,00
1029;Portugal;9.1.1;0,00;26228,76;0,00
1030;Slovakia;9.1.1;509,82;9757,87;0,05
1031;Slovenia;9.1.1;0,94;3531,41;0,00
1032;Spain;9.1.1;0,00;148646,74;0,00
1033;AT, BE, CZ, DE, DK, EE, ES, FI, FR, HU, IT, LT, LU, LV, NL, RO, SE, SI, SK and UK – Growth Accounts available from 2009;1.11.1;342,51;724853,50;0,00
1034;AT, BE, CZ, DE, DK, ES, FI, FR, IT, NL, SE and UK – Growth Accounts available from 2000;1.11.1;27,31;703577,55;0,00
1035;Austria;1.11.1;0,00;18150,92;0,00
1036;Bulgaria;1.11.1;0,00;2930,30;0,00
1037;Cyprus;1.11.1;0,00;496,71;0,00
1038;Czechia;1.11.1;67,31;116102,00;0,00
1039;Denmark;1.11.1;0,00;75044,94;0,00
1040;EU12 without UK;1.11.1;27,31;569134,20;0,00
1041;EU20 without UK;1.11.1;342,51;590410,15;0,00
1042;Estonia;1.11.1;0,00;1038,06;0,00
1043;Euro area - 19 countries  (from 2015);1.11.1;339,29;581975,45;0,00
1044;European Union - 15 countries (1995-2004);1.11.1;24,69;736412,01;0,00
1045;European Union - 27 countries (from 2020);1.11.1;346,94;644190,18;0,00
1046;European Union - 28 countries (2013-2020);1.11.1;346,94;778633,53;0,00
1047;Finland;1.11.1;0,00;8920,93;0,00
1048;France;1.11.1;0,00;145521,94;0,00
1049;Germany (until 1990 former territory of the FRG);1.11.1;0,00;185849,17;0,00
1050;Greece;1.11.1;0,00;3268,76;0,00
1051;Ireland;1.11.1;0,00;23234,93;0,00
1052;Italy;1.11.1;0,00;65608,64;0,00
1053;Latvia;1.11.1;0,35;945,00;0,00
1054;Lithuania;1.11.1;0,00;1538,67;0,00
1055;Luxembourg;1.11.1;0,00;2426,63;0,00
1056;Malta;1.11.1;0,00;1039,12;0,00
1057;Poland;1.11.1;18,90;57650,66;0,00
1058;Portugal;1.11.1;0,00;8431,07;0,00
1059;Slovakia;1.11.1;314,25;3305,96;0,10
1060;Slovenia;1.11.1;0,59;1539,73;0,00
1061;Spain;1.11.1;24,69;53422,84;0,00
1062;AT, BE, CZ, DE, DK, EE, ES, FI, FR, HU, IT, LT, LU, LV, NL, RO, SE, SI, SK and UK – Growth Accounts available from 2009;8.1.2;142,86;959046,01;0,00
1063;AT, BE, CZ, DE, DK, ES, FI, FR, IT, NL, SE and UK – Growth Accounts available from 2000;8.1.2;0,32;916771,67;0,00
1064;Austria;8.1.2;0,00;20279,35;0,00
1065;Belgium;8.1.2;0,00;35812,33;0,00
1066;Bulgaria;8.1.2;0,00;7312,82;0,00
1067;Cyprus;8.1.2;0,00;1867,80;0,00
1068;Czechia;8.1.2;8,27;344916,66;0,00
1069;Denmark;8.1.2;0,00;111160,89;0,00
1070;EU12 without UK;8.1.2;0,32;791498,74;0,00
1071;EU20 without UK;8.1.2;142,86;833773,08;0,00
1072;Estonia;8.1.2;0,00;1818,32;0,00
1073;Euro area - 19 countries  (from 2015);8.1.2;150,45;804293,44;0,00
1074;European Union - 15 countries (1995-2004);8.1.2;10,04;952419,94;0,00
1075;European Union - 27 countries (from 2020);8.1.2;162,32;918142,30;0,00
1076;European Union - 28 countries (2013-2020);8.1.2;162,32;1043415,24;0,00
1077;Finland;8.1.2;0,00;13412,10;0,00
1078;France;8.1.2;0,00;193146,29;0,00
1079;Germany (until 1990 former territory of the FRG);8.1.2;0,00;219075,33;0,00
1080;Greece;8.1.2;10,04;18937,31;0,00
1081;Ireland;8.1.2;0,00;11820,65;0,00
1082;Italy;8.1.2;0,00;122525,21;0,00
1083;Japan;8.1.2;0,00;32090179,64;0,00
1084;Latvia;8.1.2;1,06;2322,94;0,00
1085;Lithuania;8.1.2;0,00;2704,27;0,00
1086;Luxembourg;8.1.2;0,00;3843,06;0,00
1087;Malta;8.1.2;0,00;727,35;0,00
1088;Poland;8.1.2;40,15;120001,51;0,00
1089;Portugal;8.1.2;0,00;14495,86;0,00
1090;Slovakia;8.1.2;139,35;6588,31;0,02
1091;Slovenia;8.1.2;2,13;2674,98;0,00
1092;Spain;8.1.2;0,00;77785,93;0,00
